{
	"credit": "MadewithBlockbench",
	"texture_size": [32, 32],
	"textures": {
		"1": "./godshoe/valentine_tex5",
		"2": "./godshoe/valentine_tex1",
		"3": "./godshoe/valentine_tex2",
		"4": "./godshoe/valentine_tex3",
		"5": "./godshoe/bowfill",
		"6": "./godshoe/cameralens1",
		"8": "./godshoe/cloudheart",
		"particle": "./godshoe/valentine_tex4"
	},
	"elements": [
		{
			"from": [7, -9, 7],
			"to": [9, 0, 9],
			"rotation": {"angle": 0, "axis": "y", "origin": [8, -4.5, 8]},
			"faces": {
				"north": {"uv": [9, 4.5, 13.5, 3.5], "rotation": 90, "texture": "#3"},
				"east": {"uv": [0, 15, 4.5, 16], "rotation": 90, "texture": "#4"},
				"south": {"uv": [0, 15, 4.5, 14], "rotation": 90, "texture": "#4"},
				"west": {"uv": [0, 16, 4.5, 15], "rotation": 90, "texture": "#4"},
				"up": {"uv": [13, 10, 12, 9], "texture": "#4"},
				"down": {"uv": [13, 9, 12, 10], "texture": "#4"}
			}
		},
		{
			"from": [7, 5.3, 7],
			"to": [9, 14.3, 9],
			"rotation": {"angle": 0, "axis": "y", "origin": [8, -4.5, 8]},
			"faces": {
				"north": {"uv": [9, 4.5, 13.5, 3.5], "rotation": 90, "texture": "#3"},
				"east": {"uv": [0, 15, 4.5, 16], "rotation": 90, "texture": "#4"},
				"south": {"uv": [0, 15, 4.5, 14], "rotation": 90, "texture": "#4"},
				"west": {"uv": [0, 16, 4.5, 15], "rotation": 90, "texture": "#4"},
				"up": {"uv": [13, 10, 12, 9], "texture": "#4"},
				"down": {"uv": [14, 9, 13, 10], "texture": "#4"}
			}
		},
		{
			"from": [25, -2.5, 6],
			"to": [29, 1.5, 8],
			"rotation": {"angle": -45, "axis": "z", "origin": [8.59847, 18.86205, 8]},
			"faces": {
				"north": {"uv": [16, 9, 14, 11], "texture": "#4"},
				"east": {"uv": [16, 7, 15, 9], "texture": "#4"},
				"south": {"uv": [16, 9, 14, 11], "texture": "#4"},
				"west": {"uv": [15, 9, 16, 7], "texture": "#4"},
				"up": {"uv": [14, 15, 16, 14], "rotation": 180, "texture": "#4"},
				"down": {"uv": [16, 14, 14, 15], "rotation": 180, "texture": "#4"}
			}
		},
		{
			"from": [25, -2.5, 8],
			"to": [29, 1.5, 10],
			"rotation": {"angle": -45, "axis": "z", "origin": [8.59847, 18.86205, 8]},
			"faces": {
				"north": {"uv": [14, 9, 16, 11], "texture": "#4"},
				"east": {"uv": [15, 7, 16, 9], "texture": "#4"},
				"south": {"uv": [14, 9, 16, 11], "texture": "#4"},
				"west": {"uv": [16, 9, 15, 7], "texture": "#4"},
				"up": {"uv": [14, 14, 16, 15], "rotation": 180, "texture": "#4"},
				"down": {"uv": [16, 15, 14, 14], "rotation": 180, "texture": "#4"}
			}
		},
		{
			"from": [-7.70781, 14.3, 7.49525],
			"to": [-5.70781, 15.3, 8.69525],
			"rotation": {"angle": -22.5, "axis": "z", "origin": [-4.9539, 14.66421, 8]},
			"faces": {
				"north": {"uv": [2.5, 10, 2, 11], "rotation": 270, "texture": "#4"},
				"east": {"uv": [2.5, 11, 2, 11.5], "rotation": 270, "texture": "#4"},
				"south": {"uv": [2, 10, 2.5, 11], "rotation": 90, "texture": "#4"},
				"west": {"uv": [2.5, 11, 2, 11.5], "rotation": 270, "texture": "#4"},
				"up": {"uv": [3.5, 10.5, 3, 11.5], "rotation": 90, "texture": "#4"},
				"down": {"uv": [3, 10, 2.5, 11], "rotation": 90, "texture": "#4"}
			}
		},
		{
			"from": [-8.43864, 16.3954, 7.69525],
			"to": [-7.43864, 17.3954, 8.49525],
			"rotation": {"angle": 22.5, "axis": "z", "origin": [-4.9539, 14.66421, 8]},
			"faces": {
				"north": {"uv": [1, 11, 1.5, 11.5], "rotation": 270, "texture": "#4"},
				"east": {"uv": [1, 10.5, 1.5, 11], "rotation": 270, "texture": "#4"},
				"south": {"uv": [1.5, 11, 1, 11.5], "rotation": 90, "texture": "#4"},
				"west": {"uv": [1, 10.5, 1.5, 11], "rotation": 270, "texture": "#4"},
				"up": {"uv": [3, 10, 3.5, 10.5], "rotation": 90, "texture": "#4"},
				"down": {"uv": [0.5, 11.5, 1, 12], "rotation": 90, "texture": "#4"}
			}
		},
		{
			"from": [-8.32086, 15.25458, 7.59525],
			"to": [-7.32086, 16.25458, 8.59525],
			"rotation": {"angle": 0, "axis": "y", "origin": [-4.9539, 14.66421, 8]},
			"faces": {
				"north": {"uv": [2.5, 12, 2, 12.5], "rotation": 270, "texture": "#4"},
				"east": {"uv": [3, 12, 3.5, 12.5], "rotation": 90, "texture": "#4"},
				"south": {"uv": [2.5, 12, 2, 12.5], "rotation": 270, "texture": "#4"},
				"west": {"uv": [3, 12, 3.5, 12.5], "rotation": 90, "texture": "#4"},
				"up": {"uv": [2.75, 11.5, 3.25, 12], "rotation": 180, "texture": "#4"},
				"down": {"uv": [2, 12.5, 2.5, 13], "rotation": 180, "texture": "#4"}
			}
		},
		{
			"from": [-7.70781, 10, 7.49525],
			"to": [-5.70781, 11, 8.69525],
			"rotation": {"angle": -22.5, "axis": "z", "origin": [-4.9539, 14.66421, 8]},
			"faces": {
				"north": {"uv": [1, 12, 1.5, 13], "rotation": 270, "texture": "#4"},
				"east": {"uv": [1.75, 11.5, 2.25, 12], "rotation": 270, "texture": "#4"},
				"south": {"uv": [1.5, 12, 1, 13], "rotation": 90, "texture": "#4"},
				"west": {"uv": [1.75, 11.5, 2.25, 12], "rotation": 270, "texture": "#4"},
				"up": {"uv": [1.5, 12, 2, 13], "rotation": 90, "texture": "#4"},
				"down": {"uv": [2.5, 12, 3, 13], "rotation": 90, "texture": "#4"}
			}
		},
		{
			"from": [-6.76445, 9.2749, 7.59525],
			"to": [-5.76445, 10.2749, 8.59525],
			"rotation": {"angle": -45, "axis": "z", "origin": [-4.9539, 14.66421, 8]},
			"faces": {
				"north": {"uv": [1.5, 10.5, 2, 11], "rotation": 270, "texture": "#4"},
				"east": {"uv": [1.5, 11, 2, 11.5], "rotation": 270, "texture": "#4"},
				"south": {"uv": [2, 10.5, 1.5, 11], "rotation": 90, "texture": "#4"},
				"west": {"uv": [1.5, 11, 2, 11.5], "rotation": 270, "texture": "#4"},
				"up": {"uv": [1.25, 11.5, 1.75, 12], "rotation": 90, "texture": "#4"},
				"down": {"uv": [2.25, 11.5, 2.75, 12], "rotation": 90, "texture": "#4"}
			}
		},
		{
			"from": [-10.64575, 14.28829, 7.69525],
			"to": [-9.64575, 15.28829, 8.49525],
			"rotation": {"angle": 22.5, "axis": "z", "origin": [-4.9539, 14.66421, 8]},
			"faces": {
				"north": {"uv": [0.5, 12, 1, 12.5], "texture": "#4"},
				"east": {"uv": [0.5, 12.5, 1, 13], "texture": "#4"},
				"south": {"uv": [1, 12, 0.5, 12.5], "texture": "#4"},
				"west": {"uv": [2.5, 11, 3, 11.5], "texture": "#4"},
				"up": {"uv": [1.5, 10, 2, 10.5], "rotation": 180, "texture": "#4"},
				"down": {"uv": [1.5, 10, 2, 10.5], "rotation": 180, "texture": "#4"}
			}
		},
		{
			"from": [-9.40781, 11.1, 7.59525],
			"to": [-8.40781, 14.1, 8.59525],
			"rotation": {"angle": -22.5, "axis": "z", "origin": [-4.9539, 14.66421, 8]},
			"faces": {
				"north": {"uv": [1, 10, 0.5, 11.5], "texture": "#4"},
				"east": {"uv": [0, 11.5, 0.5, 13], "texture": "#4"},
				"south": {"uv": [0.5, 10, 1, 11.5], "texture": "#4"},
				"west": {"uv": [0, 10, 0.5, 11.5], "texture": "#4"},
				"up": {"uv": [1, 10, 1.5, 10.5], "rotation": 180, "texture": "#4"},
				"down": {"uv": [1, 10, 1.5, 10.5], "rotation": 180, "texture": "#4"}
			}
		},
		{
			"from": [-5.20781, 11.1, 7.59525],
			"to": [-4.20781, 14.1, 8.59525],
			"rotation": {"angle": -22.5, "axis": "z", "origin": [-4.9539, 14.66421, 8]},
			"faces": {
				"north": {"uv": [0.5, 10, 1, 11.5], "texture": "#4"},
				"east": {"uv": [0.5, 10, 0, 11.5], "texture": "#4"},
				"south": {"uv": [1, 10, 0.5, 11.5], "texture": "#4"},
				"west": {"uv": [0.5, 11.5, 0, 13], "texture": "#4"},
				"up": {"uv": [1.5, 10, 1, 10.5], "rotation": 180, "texture": "#4"},
				"down": {"uv": [1.5, 10, 1, 10.5], "rotation": 180, "texture": "#4"}
			}
		},
		{
			"from": [-7.95164, 11.59418, 7.69525],
			"to": [-6.95164, 12.59418, 8.49525],
			"rotation": {"angle": 22.5, "axis": "z", "origin": [-4.9539, 14.66421, 8]},
			"faces": {
				"north": {"uv": [1, 12, 0.5, 12.5], "rotation": 270, "texture": "#4"},
				"east": {"uv": [2, 10, 1.5, 10.5], "rotation": 270, "texture": "#4"},
				"south": {"uv": [0.5, 12, 1, 12.5], "rotation": 90, "texture": "#4"},
				"west": {"uv": [2, 10, 1.5, 10.5], "rotation": 270, "texture": "#4"},
				"up": {"uv": [1, 12.5, 0.5, 13], "rotation": 90, "texture": "#4"},
				"down": {"uv": [3, 11, 2.5, 11.5], "rotation": 90, "texture": "#4"}
			}
		},
		{
			"from": [-7.56892, 10.69382, 7.59525],
			"to": [-6.56892, 11.69382, 8.59525],
			"rotation": {"angle": 0, "axis": "y", "origin": [-4.9539, 14.66421, 8]},
			"faces": {
				"north": {"uv": [1.5, 11, 2, 10.5], "rotation": 270, "texture": "#4"},
				"east": {"uv": [1.5, 11.5, 2, 11], "rotation": 270, "texture": "#4"},
				"south": {"uv": [2, 11, 1.5, 10.5], "rotation": 90, "texture": "#4"},
				"west": {"uv": [1.5, 11.5, 2, 11], "rotation": 270, "texture": "#4"},
				"up": {"uv": [1.25, 12, 1.75, 11.5], "rotation": 90, "texture": "#4"},
				"down": {"uv": [2.25, 12, 2.75, 11.5], "rotation": 90, "texture": "#4"}
			}
		},
		{
			"from": [-6.01251, 13.83566, 7.59525],
			"to": [-5.01251, 14.83566, 8.59525],
			"rotation": {"angle": -45, "axis": "z", "origin": [-4.9539, 14.66421, 8]},
			"faces": {
				"north": {"uv": [2.5, 12.5, 2, 12], "rotation": 270, "texture": "#4"},
				"east": {"uv": [3, 12.5, 3.5, 12], "rotation": 90, "texture": "#4"},
				"south": {"uv": [2.5, 12.5, 2, 12], "rotation": 270, "texture": "#4"},
				"west": {"uv": [3, 12.5, 3.5, 12], "rotation": 90, "texture": "#4"},
				"up": {"uv": [3.25, 11.5, 2.75, 12], "rotation": 180, "texture": "#4"},
				"down": {"uv": [2.5, 12.5, 2, 13], "rotation": 180, "texture": "#4"}
			}
		},
		{
			"from": [-5.84453, 13.80129, 7.69525],
			"to": [-4.84453, 14.80129, 8.49525],
			"rotation": {"angle": 22.5, "axis": "z", "origin": [-4.9539, 14.66421, 8]},
			"faces": {
				"north": {"uv": [1.5, 11, 1, 11.5], "texture": "#4"},
				"east": {"uv": [3.5, 10, 3, 10.5], "texture": "#4"},
				"south": {"uv": [1, 11, 1.5, 11.5], "texture": "#4"},
				"west": {"uv": [1, 11.5, 0.5, 12], "texture": "#4"},
				"up": {"uv": [1.5, 10.5, 1, 11], "rotation": 180, "texture": "#4"},
				"down": {"uv": [1.5, 10.5, 1, 11], "rotation": 180, "texture": "#4"}
			}
		},
		{
			"from": [-8.83032, 15.83526, 6],
			"to": [5.16968, 17.83526, 10],
			"rotation": {"angle": 22.5, "axis": "z", "origin": [-4.9539, 14.66421, 8]},
			"faces": {
				"north": {"uv": [16, 16, 9, 15], "rotation": 180, "texture": "#4"},
				"east": {"uv": [10.5, 15, 6.5, 13], "rotation": 180, "texture": "#5"},
				"south": {"uv": [9, 16, 16, 15], "rotation": 180, "texture": "#4"},
				"west": {"uv": [9, 16, 7, 15], "rotation": 180, "texture": "#4"},
				"up": {"uv": [15, 6.5, 1, 2.5], "rotation": 180, "texture": "#5"},
				"down": {"uv": [6.5, 0, 13.5, 2], "rotation": 180, "texture": "#3"}
			}
		},
		{
			"from": [-8.5, 11, 8.4],
			"to": [-5, 14.5, 8.4],
			"rotation": {"angle": -22.5, "axis": "z", "origin": [-4.9539, 14.66421, 8]},
			"faces": {
				"north": {"uv": [2, 13.5, 5.5, 10], "texture": "#6"},
				"east": {"uv": [0, 6, 0, 0], "texture": "#6"},
				"south": {"uv": [5.5, 10, 2, 13.5], "rotation": 270, "texture": "#6"},
				"west": {"uv": [0, 6, 0, 0], "texture": "#6"},
				"up": {"uv": [0, 0, 3, 0], "rotation": 180, "texture": "#6"},
				"down": {"uv": [0, 0, 3, 0], "rotation": 180, "texture": "#6"}
			}
		},
		{
			"from": [-8.5, 11, 7.6],
			"to": [-5, 14.5, 7.6],
			"rotation": {"angle": -22.5, "axis": "z", "origin": [-4.9539, 14.66421, 8]},
			"faces": {
				"north": {"uv": [5.5, 13.5, 2, 10], "rotation": 270, "texture": "#6"},
				"east": {"uv": [0, 6, 0, 0], "texture": "#6"},
				"south": {"uv": [5.5, 13.5, 2, 10], "texture": "#6"},
				"west": {"uv": [0, 6, 0, 0], "texture": "#6"},
				"up": {"uv": [0, 0, 3, 0], "rotation": 180, "texture": "#6"},
				"down": {"uv": [0, 0, 3, 0], "rotation": 180, "texture": "#6"}
			}
		},
		{
			"from": [-6.21353, 13.81293, 7],
			"to": [7.78647, 15.81293, 9],
			"rotation": {"angle": 22.5, "axis": "z", "origin": [-4.9539, 14.66421, 8]},
			"faces": {
				"north": {"uv": [0, 13, 7, 14], "texture": "#4"},
				"east": {"uv": [7.5, 2, 8.5, 3], "texture": "#4"},
				"south": {"uv": [0, 13, 7, 14], "texture": "#4"},
				"west": {"uv": [7.5, 2, 8.5, 3], "texture": "#4"},
				"up": {"uv": [0, 13, 7, 14], "rotation": 180, "texture": "#4"},
				"down": {"uv": [7, 14, 14, 15], "rotation": 180, "texture": "#4"}
			}
		},
		{
			"from": [-1.6, 17.9, 5],
			"to": [2.4, 20.9, 6],
			"rotation": {"angle": 22.5, "axis": "z", "origin": [10, 20, 1]},
			"faces": {
				"north": {"uv": [7.5, 10, 9.5, 11.5], "texture": "#3"},
				"east": {"uv": [10, 10, 9.5, 11.5], "texture": "#3"},
				"south": {"uv": [7.5, 10, 9.5, 11.5], "texture": "#3"},
				"west": {"uv": [9.5, 10, 10, 11.5], "texture": "#3"},
				"up": {"uv": [9.5, 10, 7.5, 9.5], "rotation": 180, "texture": "#3"},
				"down": {"uv": [9.5, 9.5, 7.5, 10], "rotation": 180, "texture": "#3"}
			}
		},
		{
			"from": [-2.6, 16.9, 6],
			"to": [3.4, 21.9, 7],
			"rotation": {"angle": 22.5, "axis": "z", "origin": [10, 20, 1]},
			"faces": {
				"north": {"uv": [5.5, 7, 8.5, 9.5], "texture": "#3"},
				"east": {"uv": [10, 9, 10.5, 11.5], "texture": "#3"},
				"south": {"uv": [5.5, 7, 8.5, 9.5], "texture": "#3"},
				"west": {"uv": [10.5, 9, 10, 11.5], "texture": "#3"},
				"up": {"uv": [7, 9.5, 4, 10], "rotation": 180, "texture": "#3"},
				"down": {"uv": [7, 10, 4, 9.5], "rotation": 180, "texture": "#3"}
			}
		},
		{
			"from": [-4.5109, 15.55298, 7.09525],
			"to": [7.4891, 20.55298, 8.89525],
			"rotation": {"angle": 22.5, "axis": "z", "origin": [6.99847, 17.77623, -3.30475]},
			"faces": {
				"north": {"uv": [14.5, 1, 8.5, 3.5], "texture": "#4"},
				"east": {"uv": [6, 3, 7, 5.5], "texture": "#4"},
				"south": {"uv": [8.5, 1, 14.5, 3.5], "texture": "#4"},
				"west": {"uv": [6, 3, 7, 5.5], "texture": "#4"},
				"up": {"uv": [7, 0.5, 13, 1.5], "texture": "#3"},
				"down": {"uv": [7, 0.5, 13, 1.5], "texture": "#3"}
			}
		},
		{
			"from": [-1.6, 17.9, 10],
			"to": [2.4, 20.9, 11],
			"rotation": {"angle": 22.5, "axis": "z", "origin": [10, 20, 15]},
			"faces": {
				"north": {"uv": [9.5, 10, 7.5, 11.5], "texture": "#3"},
				"east": {"uv": [9.5, 10, 10, 11.5], "texture": "#3"},
				"south": {"uv": [9.5, 10, 7.5, 11.5], "texture": "#3"},
				"west": {"uv": [10, 10, 9.5, 11.5], "texture": "#3"},
				"up": {"uv": [9.5, 9.5, 7.5, 10], "rotation": 180, "texture": "#3"},
				"down": {"uv": [9.5, 10, 7.5, 9.5], "rotation": 180, "texture": "#3"}
			}
		},
		{
			"from": [-2.6, 16.9, 9],
			"to": [3.4, 21.9, 10],
			"rotation": {"angle": 22.5, "axis": "z", "origin": [10, 20, 15]},
			"faces": {
				"north": {"uv": [8.5, 7, 5.5, 9.5], "texture": "#3"},
				"east": {"uv": [10.5, 9, 10, 11.5], "texture": "#3"},
				"south": {"uv": [8.5, 7, 5.5, 9.5], "texture": "#3"},
				"west": {"uv": [10, 9, 10.5, 11.5], "texture": "#3"},
				"up": {"uv": [7, 10, 4, 9.5], "rotation": 180, "texture": "#3"},
				"down": {"uv": [7, 9.5, 4, 10], "rotation": 180, "texture": "#3"}
			}
		},
		{
			"from": [-6.8, 4.2, 7.4],
			"to": [-2.8, 14.2, 8.6],
			"rotation": {"angle": -22.5, "axis": "z", "origin": [-4.8, 9.7, 8]},
			"faces": {
				"north": {"uv": [13, 0, 11, 5], "texture": "#1"},
				"east": {"uv": [8, 0, 8.5, 5], "texture": "#1"},
				"south": {"uv": [11, 0, 13, 5], "texture": "#1"},
				"west": {"uv": [8.5, 0, 9, 5], "texture": "#1"},
				"up": {"uv": [6, 0, 8, 0.5], "texture": "#1"},
				"down": {"uv": [6, 0, 8, 0.5], "texture": "#1"}
			}
		},
		{
			"from": [-8.8, 4.2, 7.7],
			"to": [-5.8, 12.2, 8.3],
			"rotation": {"angle": 0, "axis": "y", "origin": [-4.8, 9.7, 8]},
			"faces": {
				"north": {"uv": [9, 0, 10.5, 4], "texture": "#1"},
				"east": {"uv": [8, 5, 8.5, 9], "texture": "#1"},
				"south": {"uv": [10.5, 0, 9, 4], "texture": "#1"},
				"west": {"uv": [8.5, 5, 9, 9], "texture": "#1"},
				"up": {"uv": [4.5, 0, 6, 0.5], "texture": "#1"},
				"down": {"uv": [4.5, 0, 6, 0.5], "texture": "#1"}
			}
		},
		{
			"from": [18.8, 4.2, 7.4],
			"to": [22.8, 14.2, 8.6],
			"rotation": {"angle": 22.5, "axis": "z", "origin": [20.8, 9.7, 8]},
			"faces": {
				"north": {"uv": [11, 0, 13, 5], "texture": "#1"},
				"east": {"uv": [9, 0, 8.5, 5], "texture": "#1"},
				"south": {"uv": [13, 0, 11, 5], "texture": "#1"},
				"west": {"uv": [8.5, 0, 8, 5], "texture": "#1"},
				"up": {"uv": [8, 0, 6, 0.5], "texture": "#1"},
				"down": {"uv": [8, 0, 6, 0.5], "texture": "#1"}
			}
		},
		{
			"from": [21.8, 4.2, 7.7],
			"to": [24.8, 12.2, 8.3],
			"rotation": {"angle": 0, "axis": "y", "origin": [20.8, 9.7, 8]},
			"faces": {
				"north": {"uv": [10.5, 0, 9, 4], "texture": "#1"},
				"east": {"uv": [9, 5, 8.5, 9], "texture": "#1"},
				"south": {"uv": [9, 0, 10.5, 4], "texture": "#1"},
				"west": {"uv": [8.5, 5, 8, 9], "texture": "#1"},
				"up": {"uv": [6, 0, 4.5, 0.5], "texture": "#1"},
				"down": {"uv": [6, 0, 4.5, 0.5], "texture": "#1"}
			}
		},
		{
			"from": [10.97657, 21.97657, 5.6],
			"to": [11.97657, 22.97657, 10.6],
			"rotation": {"angle": 0, "axis": "y", "origin": [7.97657, 20.5, 8.1]},
			"faces": {
				"north": {"uv": [6.25, 9.5, 7.25, 10], "rotation": 180, "texture": "#4"},
				"east": {"uv": [6.5, 10.5, 7, 13], "rotation": 270, "texture": "#4"},
				"south": {"uv": [6.25, 9.5, 7.25, 10], "rotation": 180, "texture": "#4"},
				"west": {"uv": [11, 7.5, 11.5, 10], "rotation": 90, "texture": "#4"},
				"up": {"uv": [9.5, 6.5, 12, 7], "rotation": 270, "texture": "#4"},
				"down": {"uv": [9.5, 7, 12, 6.5], "rotation": 90, "texture": "#4"}
			}
		},
		{
			"from": [4.97657, 18.97657, 5.6],
			"to": [10.97657, 21.97657, 10.6],
			"rotation": {"angle": 0, "axis": "y", "origin": [7.97657, 20.5, 8.1]},
			"faces": {
				"north": {"uv": [7.5, 10, 9, 13], "rotation": 90, "texture": "#4"},
				"east": {"uv": [9, 10, 10.5, 12.5], "rotation": 270, "texture": "#4"},
				"south": {"uv": [7.5, 10, 9, 13], "rotation": 90, "texture": "#4"},
				"west": {"uv": [10.5, 10, 9, 12.5], "rotation": 90, "texture": "#4"},
				"up": {"uv": [12, 6.5, 15, 9], "rotation": 180, "texture": "#4"},
				"down": {"uv": [7.5, 7.5, 10.5, 10], "texture": "#4"}
			}
		},
		{
			"from": [5.97657, 17.97657, 6.5],
			"to": [9.97657, 18.97657, 9.5],
			"rotation": {"angle": 0, "axis": "y", "origin": [7.97657, 20.5, 8.1]},
			"faces": {
				"north": {"uv": [11, 11.5, 11.5, 13.5], "rotation": 90, "texture": "#4"},
				"east": {"uv": [13.5, 10, 13, 11.5], "rotation": 270, "texture": "#4"},
				"south": {"uv": [11, 11.5, 11.5, 13.5], "rotation": 90, "texture": "#4"},
				"west": {"uv": [13, 10, 13.5, 11.5], "rotation": 90, "texture": "#4"},
				"up": {"uv": [11, 10, 13, 11.5], "rotation": 180, "texture": "#4"},
				"down": {"uv": [11, 10, 13, 11.5], "texture": "#4"}
			}
		},
		{
			"from": [4.97657, 21.97657, 4.6],
			"to": [10.97657, 22.97657, 5.6],
			"rotation": {"angle": 0, "axis": "y", "origin": [7.97657, 20.5, 8.1]},
			"faces": {
				"north": {"uv": [10.5, 10.5, 11, 7.5], "rotation": 90, "texture": "#4"},
				"east": {"uv": [7.5, 13.5, 8, 13], "rotation": 270, "texture": "#4"},
				"south": {"uv": [10.5, 13.5, 11, 10.5], "rotation": 90, "texture": "#4"},
				"west": {"uv": [7.5, 13.5, 8, 13], "rotation": 90, "texture": "#4"},
				"up": {"uv": [7.5, 10.5, 7, 13.5], "rotation": 270, "texture": "#4"},
				"down": {"uv": [7.5, 10.5, 7, 13.5], "rotation": 90, "texture": "#4"}
			}
		},
		{
			"from": [3.97657, 21.97657, 5.6],
			"to": [4.97657, 22.97657, 10.6],
			"rotation": {"angle": 0, "axis": "y", "origin": [7.97657, 20.5, 8.1]},
			"faces": {
				"north": {"uv": [7.25, 9.5, 6.25, 10], "rotation": 180, "texture": "#4"},
				"east": {"uv": [12, 7.5, 11.5, 10], "rotation": 270, "texture": "#4"},
				"south": {"uv": [7.25, 9.5, 6.25, 10], "rotation": 180, "texture": "#4"},
				"west": {"uv": [7, 10.5, 6.5, 13], "rotation": 90, "texture": "#4"},
				"up": {"uv": [9.5, 7, 12, 6.5], "rotation": 270, "texture": "#4"},
				"down": {"uv": [9.5, 6.5, 12, 7], "rotation": 90, "texture": "#4"}
			}
		},
		{
			"from": [4.97657, 21.97657, 10.6],
			"to": [10.97657, 22.97657, 11.6],
			"rotation": {"angle": 0, "axis": "y", "origin": [7.97657, 20.5, 8.1]},
			"faces": {
				"north": {"uv": [10.5, 10.5, 11, 13.5], "rotation": 90, "texture": "#4"},
				"east": {"uv": [7.5, 13, 8, 13.5], "rotation": 270, "texture": "#4"},
				"south": {"uv": [10.5, 7.5, 11, 10.5], "rotation": 90, "texture": "#4"},
				"west": {"uv": [7.5, 13, 8, 13.5], "rotation": 90, "texture": "#4"},
				"up": {"uv": [7, 10.5, 7.5, 13.5], "rotation": 270, "texture": "#4"},
				"down": {"uv": [7, 10.5, 7.5, 13.5], "rotation": 90, "texture": "#4"}
			}
		},
		{
			"from": [3.87469, 21.52343, 6.34874],
			"to": [4.87469, 23.52343, 7.34874],
			"rotation": {"angle": 0, "axis": "y", "origin": [7.97657, 20.5, 8.1]},
			"faces": {
				"north": {"uv": [1, 7.5, 2, 8], "rotation": 270, "texture": "#2"},
				"east": {"uv": [5.5, 4, 6.5, 4.5], "rotation": 270, "texture": "#2"},
				"south": {"uv": [1, 8, 2, 7.5], "rotation": 270, "texture": "#2"},
				"west": {"uv": [5.5, 4.5, 6.5, 5], "rotation": 270, "texture": "#2"},
				"up": {"uv": [5.5, 3.5, 6, 4], "rotation": 270, "texture": "#2"},
				"down": {"uv": [5.5, 3.5, 6, 4], "rotation": 270, "texture": "#2"}
			}
		},
		{
			"from": [4.53186, 21.98585, 6.44874],
			"to": [5.53186, 22.98585, 7.24874],
			"rotation": {"angle": 22.5, "axis": "z", "origin": [7.97657, 20.5, 8.1]},
			"faces": {
				"north": {"uv": [5, 2, 5.5, 2.5], "rotation": 180, "texture": "#2"},
				"east": {"uv": [5, 1.5, 5.5, 2], "rotation": 180, "texture": "#2"},
				"south": {"uv": [5.5, 2, 5, 2.5], "rotation": 180, "texture": "#2"},
				"west": {"uv": [5, 1, 5.5, 1.5], "rotation": 180, "texture": "#2"},
				"up": {"uv": [5, 3, 5.5, 3.5], "rotation": 180, "texture": "#2"},
				"down": {"uv": [5, 2.5, 5.5, 3], "rotation": 180, "texture": "#2"}
			}
		},
		{
			"from": [5.40688, 22.22414, 8.94874],
			"to": [6.40688, 23.22414, 9.54874],
			"rotation": {"angle": 45, "axis": "z", "origin": [7.97657, 20.5, 8.1]},
			"faces": {
				"north": {"uv": [5, 4, 5.5, 4.5], "rotation": 180, "texture": "#2"},
				"east": {"uv": [5, 3.5, 5.25, 4], "rotation": 180, "texture": "#2"},
				"south": {"uv": [5.5, 4, 5, 4.5], "rotation": 180, "texture": "#2"},
				"west": {"uv": [5.25, 3.5, 5.5, 4], "rotation": 180, "texture": "#2"},
				"up": {"uv": [5, 4.75, 5.5, 5], "rotation": 180, "texture": "#2"},
				"down": {"uv": [5, 4.5, 5.5, 4.75], "rotation": 180, "texture": "#2"}
			}
		},
		{
			"from": [4.53186, 21.98585, 8.84874],
			"to": [5.53186, 22.98585, 9.64874],
			"rotation": {"angle": 22.5, "axis": "z", "origin": [7.97657, 20.5, 8.1]},
			"faces": {
				"north": {"uv": [5, 2, 5.5, 2.5], "rotation": 180, "texture": "#2"},
				"east": {"uv": [5, 1.5, 5.5, 2], "rotation": 180, "texture": "#2"},
				"south": {"uv": [5.5, 2, 5, 2.5], "rotation": 180, "texture": "#2"},
				"west": {"uv": [5, 1, 5.5, 1.5], "rotation": 180, "texture": "#2"},
				"up": {"uv": [5, 3, 5.5, 3.5], "rotation": 180, "texture": "#2"},
				"down": {"uv": [5, 2.5, 5.5, 3], "rotation": 180, "texture": "#2"}
			}
		},
		{
			"from": [3.87469, 21.52343, 8.74874],
			"to": [4.87469, 23.52343, 9.74874],
			"rotation": {"angle": 0, "axis": "y", "origin": [7.97657, 20.5, 8.1]},
			"faces": {
				"north": {"uv": [1, 7.5, 2, 8], "rotation": 270, "texture": "#2"},
				"east": {"uv": [5.5, 4, 6.5, 4.5], "rotation": 270, "texture": "#2"},
				"south": {"uv": [1, 8, 2, 7.5], "rotation": 270, "texture": "#2"},
				"west": {"uv": [5.5, 4.5, 6.5, 5], "rotation": 270, "texture": "#2"},
				"up": {"uv": [5.5, 3.5, 6, 4], "rotation": 270, "texture": "#2"},
				"down": {"uv": [5.5, 3.5, 6, 4], "rotation": 270, "texture": "#2"}
			}
		},
		{
			"from": [5.40688, 22.22414, 6.54874],
			"to": [6.40688, 23.22414, 7.14874],
			"rotation": {"angle": 45, "axis": "z", "origin": [7.97657, 20.5, 8.1]},
			"faces": {
				"north": {"uv": [5, 4, 5.5, 4.5], "rotation": 180, "texture": "#2"},
				"east": {"uv": [5, 3.5, 5.25, 4], "rotation": 180, "texture": "#2"},
				"south": {"uv": [5.5, 4, 5, 4.5], "rotation": 180, "texture": "#2"},
				"west": {"uv": [5.25, 3.5, 5.5, 4], "rotation": 180, "texture": "#2"},
				"up": {"uv": [5, 4.75, 5.5, 5], "rotation": 180, "texture": "#2"},
				"down": {"uv": [5, 4.5, 5.5, 4.75], "rotation": 180, "texture": "#2"}
			}
		},
		{
			"from": [11.07845, 21.52343, 6.34874],
			"to": [12.07845, 23.52343, 7.34874],
			"rotation": {"angle": 0, "axis": "y", "origin": [7.97657, 20.5, 8.1]},
			"faces": {
				"north": {"uv": [1, 8, 2, 7.5], "rotation": 270, "texture": "#2"},
				"east": {"uv": [6.5, 4.5, 5.5, 5], "rotation": 90, "texture": "#2"},
				"south": {"uv": [1, 7.5, 2, 8], "rotation": 270, "texture": "#2"},
				"west": {"uv": [6.5, 4, 5.5, 4.5], "rotation": 90, "texture": "#2"},
				"up": {"uv": [5.5, 4, 6, 3.5], "rotation": 270, "texture": "#2"},
				"down": {"uv": [5.5, 4, 6, 3.5], "rotation": 270, "texture": "#2"}
			}
		},
		{
			"from": [10.42128, 21.98585, 6.44874],
			"to": [11.42128, 22.98585, 7.24874],
			"rotation": {"angle": -22.5, "axis": "z", "origin": [7.97657, 20.5, 8.1]},
			"faces": {
				"north": {"uv": [5.5, 2, 5, 2.5], "rotation": 180, "texture": "#2"},
				"east": {"uv": [5, 1.5, 5.5, 1], "texture": "#2"},
				"south": {"uv": [5, 2, 5.5, 2.5], "rotation": 180, "texture": "#2"},
				"west": {"uv": [5, 2, 5.5, 1.5], "texture": "#2"},
				"up": {"uv": [5.5, 3, 5, 3.5], "rotation": 180, "texture": "#2"},
				"down": {"uv": [5.5, 2.5, 5, 3], "rotation": 180, "texture": "#2"}
			}
		},
		{
			"from": [9.54626, 22.22414, 8.94874],
			"to": [10.54626, 23.22414, 9.54874],
			"rotation": {"angle": -45, "axis": "z", "origin": [7.97657, 20.5, 8.1]},
			"faces": {
				"north": {"uv": [5.5, 4, 5, 4.5], "rotation": 180, "texture": "#2"},
				"east": {"uv": [5.25, 4, 5.5, 3.5], "texture": "#2"},
				"south": {"uv": [5, 4, 5.5, 4.5], "rotation": 180, "texture": "#2"},
				"west": {"uv": [5, 4, 5.25, 3.5], "texture": "#2"},
				"up": {"uv": [5.5, 4.75, 5, 5], "rotation": 180, "texture": "#2"},
				"down": {"uv": [5.5, 4.5, 5, 4.75], "rotation": 180, "texture": "#2"}
			}
		},
		{
			"from": [10.42128, 21.98585, 8.84874],
			"to": [11.42128, 22.98585, 9.64874],
			"rotation": {"angle": -22.5, "axis": "z", "origin": [7.97657, 20.5, 8.1]},
			"faces": {
				"north": {"uv": [5.5, 2, 5, 2.5], "rotation": 180, "texture": "#2"},
				"east": {"uv": [5, 1.5, 5.5, 1], "texture": "#2"},
				"south": {"uv": [5, 2, 5.5, 2.5], "rotation": 180, "texture": "#2"},
				"west": {"uv": [5, 2, 5.5, 1.5], "texture": "#2"},
				"up": {"uv": [5.5, 3, 5, 3.5], "rotation": 180, "texture": "#2"},
				"down": {"uv": [5.5, 2.5, 5, 3], "rotation": 180, "texture": "#2"}
			}
		},
		{
			"from": [11.07845, 21.52343, 8.74874],
			"to": [12.07845, 23.52343, 9.74874],
			"rotation": {"angle": 0, "axis": "y", "origin": [7.97657, 20.5, 8.1]},
			"faces": {
				"north": {"uv": [1, 8, 2, 7.5], "rotation": 270, "texture": "#2"},
				"east": {"uv": [6.5, 4.5, 5.5, 5], "rotation": 90, "texture": "#2"},
				"south": {"uv": [1, 7.5, 2, 8], "rotation": 270, "texture": "#2"},
				"west": {"uv": [6.5, 4, 5.5, 4.5], "rotation": 90, "texture": "#2"},
				"up": {"uv": [5.5, 4, 6, 3.5], "rotation": 270, "texture": "#2"},
				"down": {"uv": [5.5, 4, 6, 3.5], "rotation": 270, "texture": "#2"}
			}
		},
		{
			"from": [9.54626, 22.22414, 6.54874],
			"to": [10.54626, 23.22414, 7.14874],
			"rotation": {"angle": -45, "axis": "z", "origin": [7.97657, 20.5, 8.1]},
			"faces": {
				"north": {"uv": [5.5, 4, 5, 4.5], "rotation": 180, "texture": "#2"},
				"east": {"uv": [5.25, 4, 5.5, 3.5], "texture": "#2"},
				"south": {"uv": [5, 4, 5.5, 4.5], "rotation": 180, "texture": "#2"},
				"west": {"uv": [5, 4, 5.25, 3.5], "texture": "#2"},
				"up": {"uv": [5.5, 4.75, 5, 5], "rotation": 180, "texture": "#2"},
				"down": {"uv": [5.5, 4.5, 5, 4.75], "rotation": 180, "texture": "#2"}
			}
		},
		{
			"from": [21.70781, 14.3, 7.49525],
			"to": [23.70781, 15.3, 8.69525],
			"rotation": {"angle": 22.5, "axis": "z", "origin": [20.9539, 14.66421, 8]},
			"faces": {
				"north": {"uv": [2.5, 11, 2, 10], "rotation": 270, "texture": "#4"},
				"east": {"uv": [2.5, 11.5, 2, 11], "rotation": 270, "texture": "#4"},
				"south": {"uv": [2, 11, 2.5, 10], "rotation": 90, "texture": "#4"},
				"west": {"uv": [2.5, 11.5, 2, 11], "rotation": 270, "texture": "#4"},
				"up": {"uv": [3.5, 11.5, 3, 10.5], "rotation": 90, "texture": "#4"},
				"down": {"uv": [3, 11, 2.5, 10], "rotation": 90, "texture": "#4"}
			}
		},
		{
			"from": [23.43864, 16.3954, 7.69525],
			"to": [24.43864, 17.3954, 8.49525],
			"rotation": {"angle": -22.5, "axis": "z", "origin": [20.9539, 14.66421, 8]},
			"faces": {
				"north": {"uv": [1, 11.5, 1.5, 11], "rotation": 270, "texture": "#4"},
				"east": {"uv": [1, 11, 1.5, 10.5], "rotation": 270, "texture": "#4"},
				"south": {"uv": [1.5, 11.5, 1, 11], "rotation": 90, "texture": "#4"},
				"west": {"uv": [1, 11, 1.5, 10.5], "rotation": 270, "texture": "#4"},
				"up": {"uv": [3, 10.5, 3.5, 10], "rotation": 90, "texture": "#4"},
				"down": {"uv": [0.5, 12, 1, 11.5], "rotation": 90, "texture": "#4"}
			}
		},
		{
			"from": [23.32086, 15.25458, 7.59525],
			"to": [24.32086, 16.25458, 8.59525],
			"rotation": {"angle": 0, "axis": "y", "origin": [20.9539, 14.66421, 8]},
			"faces": {
				"north": {"uv": [2.5, 12.5, 2, 12], "rotation": 270, "texture": "#4"},
				"east": {"uv": [3, 12.5, 3.5, 12], "rotation": 90, "texture": "#4"},
				"south": {"uv": [2.5, 12.5, 2, 12], "rotation": 270, "texture": "#4"},
				"west": {"uv": [3, 12.5, 3.5, 12], "rotation": 90, "texture": "#4"},
				"up": {"uv": [3.25, 11.5, 2.75, 12], "rotation": 180, "texture": "#4"},
				"down": {"uv": [2.5, 12.5, 2, 13], "rotation": 180, "texture": "#4"}
			}
		},
		{
			"from": [21.70781, 10, 7.49525],
			"to": [23.70781, 11, 8.69525],
			"rotation": {"angle": 22.5, "axis": "z", "origin": [20.9539, 14.66421, 8]},
			"faces": {
				"north": {"uv": [1, 13, 1.5, 12], "rotation": 270, "texture": "#4"},
				"east": {"uv": [1.75, 12, 2.25, 11.5], "rotation": 270, "texture": "#4"},
				"south": {"uv": [1.5, 13, 1, 12], "rotation": 90, "texture": "#4"},
				"west": {"uv": [1.75, 12, 2.25, 11.5], "rotation": 270, "texture": "#4"},
				"up": {"uv": [1.5, 13, 2, 12], "rotation": 90, "texture": "#4"},
				"down": {"uv": [2.5, 13, 3, 12], "rotation": 90, "texture": "#4"}
			}
		},
		{
			"from": [21.76445, 9.2749, 7.59525],
			"to": [22.76445, 10.2749, 8.59525],
			"rotation": {"angle": 45, "axis": "z", "origin": [20.9539, 14.66421, 8]},
			"faces": {
				"north": {"uv": [1.5, 11, 2, 10.5], "rotation": 270, "texture": "#4"},
				"east": {"uv": [1.5, 11.5, 2, 11], "rotation": 270, "texture": "#4"},
				"south": {"uv": [2, 11, 1.5, 10.5], "rotation": 90, "texture": "#4"},
				"west": {"uv": [1.5, 11.5, 2, 11], "rotation": 270, "texture": "#4"},
				"up": {"uv": [1.25, 12, 1.75, 11.5], "rotation": 90, "texture": "#4"},
				"down": {"uv": [2.25, 12, 2.75, 11.5], "rotation": 90, "texture": "#4"}
			}
		},
		{
			"from": [25.64575, 14.28829, 7.69525],
			"to": [26.64575, 15.28829, 8.49525],
			"rotation": {"angle": -22.5, "axis": "z", "origin": [20.9539, 14.66421, 8]},
			"faces": {
				"north": {"uv": [1, 12, 0.5, 12.5], "texture": "#4"},
				"east": {"uv": [3, 11, 2.5, 11.5], "texture": "#4"},
				"south": {"uv": [0.5, 12, 1, 12.5], "texture": "#4"},
				"west": {"uv": [1, 12.5, 0.5, 13], "texture": "#4"},
				"up": {"uv": [2, 10, 1.5, 10.5], "rotation": 180, "texture": "#4"},
				"down": {"uv": [2, 10, 1.5, 10.5], "rotation": 180, "texture": "#4"}
			}
		},
		{
			"from": [24.40781, 11.1, 7.59525],
			"to": [25.40781, 14.1, 8.59525],
			"rotation": {"angle": 22.5, "axis": "z", "origin": [20.9539, 14.66421, 8]},
			"faces": {
				"north": {"uv": [0.5, 10, 1, 11.5], "texture": "#4"},
				"east": {"uv": [0.5, 10, 0, 11.5], "texture": "#4"},
				"south": {"uv": [1, 10, 0.5, 11.5], "texture": "#4"},
				"west": {"uv": [0.5, 11.5, 0, 13], "texture": "#4"},
				"up": {"uv": [1.5, 10, 1, 10.5], "rotation": 180, "texture": "#4"},
				"down": {"uv": [1.5, 10, 1, 10.5], "rotation": 180, "texture": "#4"}
			}
		},
		{
			"from": [20.20781, 11.1, 7.59525],
			"to": [21.20781, 14.1, 8.59525],
			"rotation": {"angle": 22.5, "axis": "z", "origin": [20.9539, 14.66421, 8]},
			"faces": {
				"north": {"uv": [1, 10, 0.5, 11.5], "texture": "#4"},
				"east": {"uv": [0, 11.5, 0.5, 13], "texture": "#4"},
				"south": {"uv": [0.5, 10, 1, 11.5], "texture": "#4"},
				"west": {"uv": [0, 10, 0.5, 11.5], "texture": "#4"},
				"up": {"uv": [1, 10, 1.5, 10.5], "rotation": 180, "texture": "#4"},
				"down": {"uv": [1, 10, 1.5, 10.5], "rotation": 180, "texture": "#4"}
			}
		},
		{
			"from": [22.95164, 11.59418, 7.69525],
			"to": [23.95164, 12.59418, 8.49525],
			"rotation": {"angle": -22.5, "axis": "z", "origin": [20.9539, 14.66421, 8]},
			"faces": {
				"north": {"uv": [1, 12.5, 0.5, 12], "rotation": 270, "texture": "#4"},
				"east": {"uv": [2, 10.5, 1.5, 10], "rotation": 270, "texture": "#4"},
				"south": {"uv": [0.5, 12.5, 1, 12], "rotation": 90, "texture": "#4"},
				"west": {"uv": [2, 10.5, 1.5, 10], "rotation": 270, "texture": "#4"},
				"up": {"uv": [1, 13, 0.5, 12.5], "rotation": 90, "texture": "#4"},
				"down": {"uv": [3, 11.5, 2.5, 11], "rotation": 90, "texture": "#4"}
			}
		},
		{
			"from": [22.56892, 10.69382, 7.59525],
			"to": [23.56892, 11.69382, 8.59525],
			"rotation": {"angle": 0, "axis": "y", "origin": [20.9539, 14.66421, 8]},
			"faces": {
				"north": {"uv": [1.5, 10.5, 2, 11], "rotation": 270, "texture": "#4"},
				"east": {"uv": [1.5, 11, 2, 11.5], "rotation": 270, "texture": "#4"},
				"south": {"uv": [2, 10.5, 1.5, 11], "rotation": 90, "texture": "#4"},
				"west": {"uv": [1.5, 11, 2, 11.5], "rotation": 270, "texture": "#4"},
				"up": {"uv": [1.25, 11.5, 1.75, 12], "rotation": 90, "texture": "#4"},
				"down": {"uv": [2.25, 11.5, 2.75, 12], "rotation": 90, "texture": "#4"}
			}
		},
		{
			"from": [21.01251, 13.83566, 7.59525],
			"to": [22.01251, 14.83566, 8.59525],
			"rotation": {"angle": 45, "axis": "z", "origin": [20.9539, 14.66421, 8]},
			"faces": {
				"north": {"uv": [2.5, 12, 2, 12.5], "rotation": 270, "texture": "#4"},
				"east": {"uv": [3, 12, 3.5, 12.5], "rotation": 90, "texture": "#4"},
				"south": {"uv": [2.5, 12, 2, 12.5], "rotation": 270, "texture": "#4"},
				"west": {"uv": [3, 12, 3.5, 12.5], "rotation": 90, "texture": "#4"},
				"up": {"uv": [2.75, 11.5, 3.25, 12], "rotation": 180, "texture": "#4"},
				"down": {"uv": [2, 12.5, 2.5, 13], "rotation": 180, "texture": "#4"}
			}
		},
		{
			"from": [20.84453, 13.80129, 7.69525],
			"to": [21.84453, 14.80129, 8.49525],
			"rotation": {"angle": -22.5, "axis": "z", "origin": [20.9539, 14.66421, 8]},
			"faces": {
				"north": {"uv": [1, 11, 1.5, 11.5], "texture": "#4"},
				"east": {"uv": [0.5, 11.5, 1, 12], "texture": "#4"},
				"south": {"uv": [1.5, 11, 1, 11.5], "texture": "#4"},
				"west": {"uv": [3, 10, 3.5, 10.5], "texture": "#4"},
				"up": {"uv": [1, 10.5, 1.5, 11], "rotation": 180, "texture": "#4"},
				"down": {"uv": [1, 10.5, 1.5, 11], "rotation": 180, "texture": "#4"}
			}
		},
		{
			"from": [10.83032, 15.83526, 6],
			"to": [24.83032, 17.83526, 10],
			"rotation": {"angle": -22.5, "axis": "z", "origin": [20.9539, 14.66421, 8]},
			"faces": {
				"north": {"uv": [9, 16, 16, 15], "rotation": 180, "texture": "#4"},
				"east": {"uv": [7, 16, 9, 15], "rotation": 180, "texture": "#4"},
				"south": {"uv": [16, 16, 9, 15], "rotation": 180, "texture": "#4"},
				"west": {"uv": [6.5, 15, 10.5, 13], "rotation": 180, "texture": "#5"},
				"up": {"uv": [1, 6.5, 15, 2.5], "rotation": 180, "texture": "#5"},
				"down": {"uv": [13.5, 0, 6.5, 2], "rotation": 180, "texture": "#3"}
			}
		},
		{
			"from": [21, 11, 8.4],
			"to": [24.5, 14.5, 8.4],
			"rotation": {"angle": 22.5, "axis": "z", "origin": [20.9539, 14.66421, 8]},
			"faces": {
				"north": {"uv": [5.5, 13.5, 2, 10], "texture": "#6"},
				"east": {"uv": [0, 6, 0, 0], "texture": "#6"},
				"south": {"uv": [5.5, 13.5, 2, 10], "rotation": 270, "texture": "#6"},
				"west": {"uv": [0, 6, 0, 0], "texture": "#6"},
				"up": {"uv": [3, 0, 0, 0], "rotation": 180, "texture": "#6"},
				"down": {"uv": [3, 0, 0, 0], "rotation": 180, "texture": "#6"}
			}
		},
		{
			"from": [21, 11, 7.6],
			"to": [24.5, 14.5, 7.6],
			"rotation": {"angle": 22.5, "axis": "z", "origin": [20.9539, 14.66421, 8]},
			"faces": {
				"north": {"uv": [5.5, 10, 2, 13.5], "rotation": 270, "texture": "#6"},
				"east": {"uv": [0, 6, 0, 0], "texture": "#6"},
				"south": {"uv": [2, 13.5, 5.5, 10], "texture": "#6"},
				"west": {"uv": [0, 6, 0, 0], "texture": "#6"},
				"up": {"uv": [3, 0, 0, 0], "rotation": 180, "texture": "#6"},
				"down": {"uv": [3, 0, 0, 0], "rotation": 180, "texture": "#6"}
			}
		},
		{
			"from": [8.21353, 13.81293, 7],
			"to": [22.21353, 15.81293, 9],
			"rotation": {"angle": -22.5, "axis": "z", "origin": [20.9539, 14.66421, 8]},
			"faces": {
				"north": {"uv": [7, 13, 0, 14], "texture": "#4"},
				"east": {"uv": [8.5, 2, 7.5, 3], "texture": "#4"},
				"south": {"uv": [7, 13, 0, 14], "texture": "#4"},
				"west": {"uv": [8.5, 2, 7.5, 3], "texture": "#4"},
				"up": {"uv": [7, 13, 0, 14], "rotation": 180, "texture": "#4"},
				"down": {"uv": [14, 14, 7, 15], "rotation": 180, "texture": "#4"}
			}
		},
		{
			"from": [13.6, 17.9, 5],
			"to": [17.6, 20.9, 6],
			"rotation": {"angle": -22.5, "axis": "z", "origin": [6, 20, 1]},
			"faces": {
				"north": {"uv": [9.5, 10, 7.5, 11.5], "texture": "#3"},
				"east": {"uv": [10, 10, 9.5, 11.5], "texture": "#3"},
				"south": {"uv": [9.5, 10, 7.5, 11.5], "texture": "#3"},
				"west": {"uv": [9.5, 10, 10, 11.5], "texture": "#3"},
				"up": {"uv": [7.5, 10, 9.5, 9.5], "rotation": 180, "texture": "#3"},
				"down": {"uv": [7.5, 9.5, 9.5, 10], "rotation": 180, "texture": "#3"}
			}
		},
		{
			"from": [12.6, 16.9, 6],
			"to": [18.6, 21.9, 7],
			"rotation": {"angle": -22.5, "axis": "z", "origin": [6, 20, 1]},
			"faces": {
				"north": {"uv": [8.5, 7, 5.5, 9.5], "texture": "#3"},
				"east": {"uv": [10, 9, 10.5, 11.5], "texture": "#3"},
				"south": {"uv": [8.5, 7, 5.5, 9.5], "texture": "#3"},
				"west": {"uv": [10.5, 9, 10, 11.5], "texture": "#3"},
				"up": {"uv": [4, 9.5, 7, 10], "rotation": 180, "texture": "#3"},
				"down": {"uv": [4, 10, 7, 9.5], "rotation": 180, "texture": "#3"}
			}
		},
		{
			"from": [8.5109, 15.55298, 7.09525],
			"to": [20.5109, 20.55298, 8.89525],
			"rotation": {"angle": -22.5, "axis": "z", "origin": [9.00153, 17.77623, -3.30475]},
			"faces": {
				"north": {"uv": [8.5, 1, 14.5, 3.5], "texture": "#4"},
				"east": {"uv": [7, 3, 6, 5.5], "texture": "#4"},
				"south": {"uv": [14.5, 1, 8.5, 3.5], "texture": "#4"},
				"west": {"uv": [7, 3, 6, 5.5], "texture": "#4"},
				"up": {"uv": [13, 0.5, 7, 1.5], "texture": "#3"},
				"down": {"uv": [13, 0.5, 7, 1.5], "texture": "#3"}
			}
		},
		{
			"from": [13.6, 17.9, 10],
			"to": [17.6, 20.9, 11],
			"rotation": {"angle": -22.5, "axis": "z", "origin": [6, 20, 15]},
			"faces": {
				"north": {"uv": [7.5, 10, 9.5, 11.5], "texture": "#3"},
				"east": {"uv": [9.5, 10, 10, 11.5], "texture": "#3"},
				"south": {"uv": [7.5, 10, 9.5, 11.5], "texture": "#3"},
				"west": {"uv": [10, 10, 9.5, 11.5], "texture": "#3"},
				"up": {"uv": [7.5, 9.5, 9.5, 10], "rotation": 180, "texture": "#3"},
				"down": {"uv": [7.5, 10, 9.5, 9.5], "rotation": 180, "texture": "#3"}
			}
		},
		{
			"from": [12.6, 16.9, 9],
			"to": [18.6, 21.9, 10],
			"rotation": {"angle": -22.5, "axis": "z", "origin": [6, 20, 15]},
			"faces": {
				"north": {"uv": [5.5, 7, 8.5, 9.5], "texture": "#3"},
				"east": {"uv": [10.5, 9, 10, 11.5], "texture": "#3"},
				"south": {"uv": [5.5, 7, 8.5, 9.5], "texture": "#3"},
				"west": {"uv": [10, 9, 10.5, 11.5], "texture": "#3"},
				"up": {"uv": [4, 10, 7, 9.5], "rotation": 180, "texture": "#3"},
				"down": {"uv": [4, 9.5, 7, 10], "rotation": 180, "texture": "#3"}
			}
		},
		{
			"from": [6.3, 1, 7.6],
			"to": [9.8, 4.5, 7.6],
			"rotation": {"angle": 0, "axis": "y", "origin": [8.05, 2.75, 7.5]},
			"faces": {
				"north": {"uv": [5.5, 13.5, 2, 10], "rotation": 180, "texture": "#6"},
				"east": {"uv": [0, 6, 0, 0], "texture": "#6"},
				"south": {"uv": [5.5, 13.5, 2, 10], "rotation": 180, "texture": "#6"},
				"west": {"uv": [0, 6, 0, 0], "texture": "#6"},
				"up": {"uv": [0, 0, 3, 0], "rotation": 180, "texture": "#6"},
				"down": {"uv": [0, 0, 3, 0], "rotation": 180, "texture": "#6"}
			}
		},
		{
			"from": [6.99219, 4.3, 7.49525],
			"to": [8.99219, 5.3, 8.69525],
			"rotation": {"angle": 0, "axis": "y", "origin": [5.79847, -1.22377, 8.09525]},
			"faces": {
				"north": {"uv": [2.5, 10, 2, 11], "rotation": 270, "texture": "#4"},
				"east": {"uv": [2.5, 11, 2, 11.5], "rotation": 270, "texture": "#4"},
				"south": {"uv": [2, 10, 2.5, 11], "rotation": 90, "texture": "#4"},
				"west": {"uv": [2.5, 11, 2, 11.5], "rotation": 270, "texture": "#4"},
				"up": {"uv": [3.5, 10.5, 3, 11.5], "rotation": 90, "texture": "#4"},
				"down": {"uv": [3, 10, 2.5, 11], "rotation": 90, "texture": "#4"}
			}
		},
		{
			"from": [1.76596, 2.31703, 7.69525],
			"to": [2.76596, 3.31703, 8.49525],
			"rotation": {"angle": -45, "axis": "z", "origin": [5.79847, -1.22377, 8.09525]},
			"faces": {
				"north": {"uv": [1, 11, 1.5, 11.5], "texture": "#4"},
				"east": {"uv": [0.5, 11.5, 1, 12], "texture": "#4"},
				"south": {"uv": [1.5, 11, 1, 11.5], "texture": "#4"},
				"west": {"uv": [3, 10, 3.5, 10.5], "texture": "#4"},
				"up": {"uv": [1, 10.5, 1.5, 11], "rotation": 180, "texture": "#4"},
				"down": {"uv": [1, 10.5, 1.5, 11], "rotation": 180, "texture": "#4"}
			}
		},
		{
			"from": [8.42426, 3.25742, 7.59525],
			"to": [9.42426, 4.25742, 8.59525],
			"rotation": {"angle": 22.5, "axis": "z", "origin": [5.79847, -1.22377, 8.09525]},
			"faces": {
				"north": {"uv": [2.5, 12, 2, 12.5], "rotation": 270, "texture": "#4"},
				"east": {"uv": [3, 12, 3.5, 12.5], "rotation": 90, "texture": "#4"},
				"south": {"uv": [2.5, 12, 2, 12.5], "rotation": 270, "texture": "#4"},
				"west": {"uv": [3, 12, 3.5, 12.5], "rotation": 90, "texture": "#4"},
				"up": {"uv": [2.75, 11.5, 3.25, 12], "rotation": 180, "texture": "#4"},
				"down": {"uv": [2, 12.5, 2.5, 13], "rotation": 180, "texture": "#4"}
			}
		},
		{
			"from": [7.09219, 0, 7.49525],
			"to": [9.09219, 1, 8.69525],
			"rotation": {"angle": 0, "axis": "y", "origin": [5.79847, -1.22377, 8.09525]},
			"faces": {
				"north": {"uv": [1, 12, 1.5, 13], "rotation": 270, "texture": "#4"},
				"east": {"uv": [1.75, 11.5, 2.25, 12], "rotation": 270, "texture": "#4"},
				"south": {"uv": [1.5, 12, 1, 13], "rotation": 90, "texture": "#4"},
				"west": {"uv": [1.75, 11.5, 2.25, 12], "rotation": 270, "texture": "#4"},
				"up": {"uv": [1.5, 12, 2, 13], "rotation": 90, "texture": "#4"},
				"down": {"uv": [2.5, 12, 3, 13], "rotation": 90, "texture": "#4"}
			}
		},
		{
			"from": [5.47421, 0.37567, 7.59525],
			"to": [6.47421, 1.37567, 8.59525],
			"rotation": {"angle": -22.5, "axis": "z", "origin": [5.79847, -1.22377, 8.09525]},
			"faces": {
				"north": {"uv": [1.5, 10.5, 2, 11], "rotation": 270, "texture": "#4"},
				"east": {"uv": [1.5, 11, 2, 11.5], "rotation": 270, "texture": "#4"},
				"south": {"uv": [2, 10.5, 1.5, 11], "rotation": 90, "texture": "#4"},
				"west": {"uv": [1.5, 11, 2, 11.5], "rotation": 270, "texture": "#4"},
				"up": {"uv": [1.25, 11.5, 1.75, 12], "rotation": 90, "texture": "#4"},
				"down": {"uv": [2.25, 11.5, 2.75, 12], "rotation": 90, "texture": "#4"}
			}
		},
		{
			"from": [7.13216, -0.29836, 7.69525],
			"to": [8.13216, 0.70164, 8.49525],
			"rotation": {"angle": 45, "axis": "z", "origin": [5.79847, -1.22377, 8.09525]},
			"faces": {
				"north": {"uv": [0.5, 12, 1, 12.5], "texture": "#4"},
				"east": {"uv": [0.5, 12.5, 1, 13], "texture": "#4"},
				"south": {"uv": [1, 12, 0.5, 12.5], "texture": "#4"},
				"west": {"uv": [2.5, 11, 3, 11.5], "texture": "#4"},
				"up": {"uv": [1.5, 10, 2, 10.5], "rotation": 180, "texture": "#4"},
				"down": {"uv": [1.5, 10, 2, 10.5], "rotation": 180, "texture": "#4"}
			}
		},
		{
			"from": [5.39219, 1.1, 7.59525],
			"to": [6.39219, 4.1, 8.59525],
			"rotation": {"angle": 0, "axis": "y", "origin": [5.79847, -1.22377, 8.09525]},
			"faces": {
				"north": {"uv": [1, 10, 0.5, 11.5], "texture": "#4"},
				"east": {"uv": [0, 11.5, 0.5, 13], "texture": "#4"},
				"south": {"uv": [0.5, 10, 1, 11.5], "texture": "#4"},
				"west": {"uv": [0, 10, 0.5, 11.5], "texture": "#4"},
				"up": {"uv": [1, 10, 1.5, 10.5], "rotation": 180, "texture": "#4"},
				"down": {"uv": [1, 10, 1.5, 10.5], "rotation": 180, "texture": "#4"}
			}
		},
		{
			"from": [9.59219, 1.1, 7.59525],
			"to": [10.59219, 4.1, 8.59525],
			"rotation": {"angle": 0, "axis": "y", "origin": [5.79847, -1.22377, 8.09525]},
			"faces": {
				"north": {"uv": [0.5, 10, 1, 11.5], "texture": "#4"},
				"east": {"uv": [0.5, 10, 0, 11.5], "texture": "#4"},
				"south": {"uv": [1, 10, 0.5, 11.5], "texture": "#4"},
				"west": {"uv": [0.5, 11.5, 0, 13], "texture": "#4"},
				"up": {"uv": [1.5, 10, 1, 10.5], "rotation": 180, "texture": "#4"},
				"down": {"uv": [1.5, 10, 1, 10.5], "rotation": 180, "texture": "#4"}
			}
		},
		{
			"from": [6.56717, 2.80403, 7.69525],
			"to": [7.56717, 3.80403, 8.49525],
			"rotation": {"angle": -45, "axis": "z", "origin": [5.79847, -1.22377, 8.09525]},
			"faces": {
				"north": {"uv": [1, 12, 0.5, 12.5], "texture": "#4"},
				"east": {"uv": [3, 11, 2.5, 11.5], "texture": "#4"},
				"south": {"uv": [0.5, 12, 1, 12.5], "texture": "#4"},
				"west": {"uv": [1, 12.5, 0.5, 13], "texture": "#4"},
				"up": {"uv": [2, 10, 1.5, 10.5], "rotation": 180, "texture": "#4"},
				"down": {"uv": [2, 10, 1.5, 10.5], "rotation": 180, "texture": "#4"}
			}
		},
		{
			"from": [9.1762, -1.30334, 7.59525],
			"to": [10.1762, -0.30334, 8.59525],
			"rotation": {"angle": 22.5, "axis": "z", "origin": [5.79847, -1.22377, 8.09525]},
			"faces": {
				"north": {"uv": [1.5, 11, 2, 10.5], "rotation": 270, "texture": "#4"},
				"east": {"uv": [1.5, 11.5, 2, 11], "rotation": 270, "texture": "#4"},
				"south": {"uv": [2, 11, 1.5, 10.5], "rotation": 90, "texture": "#4"},
				"west": {"uv": [1.5, 11.5, 2, 11], "rotation": 270, "texture": "#4"},
				"up": {"uv": [1.25, 12, 1.75, 11.5], "rotation": 90, "texture": "#4"},
				"down": {"uv": [2.25, 12, 2.75, 11.5], "rotation": 90, "texture": "#4"}
			}
		},
		{
			"from": [6.22615, 4.93643, 7.59525],
			"to": [7.22615, 5.93643, 8.59525],
			"rotation": {"angle": -22.5, "axis": "z", "origin": [5.79847, -1.22377, 8.09525]},
			"faces": {
				"north": {"uv": [2.5, 12.5, 2, 12], "rotation": 270, "texture": "#4"},
				"east": {"uv": [3, 12.5, 3.5, 12], "rotation": 90, "texture": "#4"},
				"south": {"uv": [2.5, 12.5, 2, 12], "rotation": 270, "texture": "#4"},
				"west": {"uv": [3, 12.5, 3.5, 12], "rotation": 90, "texture": "#4"},
				"up": {"uv": [3.25, 11.5, 2.75, 12], "rotation": 180, "texture": "#4"},
				"down": {"uv": [2.5, 12.5, 2, 13], "rotation": 180, "texture": "#4"}
			}
		},
		{
			"from": [11.93338, -0.78537, 7.69525],
			"to": [12.93338, 0.21463, 8.49525],
			"rotation": {"angle": 45, "axis": "z", "origin": [5.79847, -1.22377, 8.09525]},
			"faces": {
				"north": {"uv": [1.5, 11, 1, 11.5], "texture": "#4"},
				"east": {"uv": [3.5, 10, 3, 10.5], "texture": "#4"},
				"south": {"uv": [1, 11, 1.5, 11.5], "texture": "#4"},
				"west": {"uv": [1, 11.5, 0.5, 12], "texture": "#4"},
				"up": {"uv": [1.5, 10.5, 1, 11], "rotation": 180, "texture": "#4"},
				"down": {"uv": [1.5, 10.5, 1, 11], "rotation": 180, "texture": "#4"}
			}
		},
		{
			"from": [1, 5.3, 8],
			"to": [7, 16.3, 8],
			"faces": {
				"north": {"uv": [16, 0, 13, 5.5], "texture": "#1"},
				"east": {"uv": [13.5, 0, 13.5, 5.5], "texture": "#1"},
				"south": {"uv": [13, 0, 16, 5.5], "texture": "#1"},
				"west": {"uv": [13.5, 0, 13.5, 5.5], "texture": "#1"},
				"up": {"uv": [0, 0, 5, 0], "texture": "#1"},
				"down": {"uv": [0, 0, 5, 0], "texture": "#1"}
			}
		},
		{
			"from": [9, 5.3, 8],
			"to": [15, 16.3, 8],
			"rotation": {"angle": 0, "axis": "y", "origin": [16, 0, 0]},
			"faces": {
				"north": {"uv": [13, 0, 16, 5.5], "texture": "#1"},
				"east": {"uv": [13.5, 0, 13.5, 5.5], "texture": "#1"},
				"south": {"uv": [16, 0, 13, 5.5], "texture": "#1"},
				"west": {"uv": [13.5, 0, 13.5, 5.5], "texture": "#1"},
				"up": {"uv": [5, 0, 0, 0], "texture": "#1"},
				"down": {"uv": [5, 0, 0, 0], "texture": "#1"}
			}
		},
		{
			"from": [8, 7, 7],
			"to": [14, 15, 7],
			"rotation": {"angle": 22.5, "axis": "y", "origin": [10.5, 11.5, 7]},
			"faces": {
				"north": {"uv": [7.75, 0.5, 4.75, 4.5], "texture": "#1"},
				"east": {"uv": [0, 0, 0, 4], "texture": "#1"},
				"south": {"uv": [4.75, 0.5, 7.75, 4.5], "texture": "#1"},
				"west": {"uv": [0, 0, 0, 4], "texture": "#1"},
				"up": {"uv": [3, 0, 0, 0], "texture": "#1"},
				"down": {"uv": [3, 0, 0, 0], "texture": "#1"}
			}
		},
		{
			"from": [2, 7, 7],
			"to": [8, 15, 7],
			"rotation": {"angle": -22.5, "axis": "y", "origin": [5.5, 11.5, 7]},
			"faces": {
				"north": {"uv": [4.75, 0.5, 7.75, 4.5], "texture": "#1"},
				"east": {"uv": [0, 0, 0, 4], "texture": "#1"},
				"south": {"uv": [7.75, 0.5, 4.75, 4.5], "texture": "#1"},
				"west": {"uv": [0, 0, 0, 4], "texture": "#1"},
				"up": {"uv": [0, 0, 3, 0], "texture": "#1"},
				"down": {"uv": [0, 0, 3, 0], "texture": "#1"}
			}
		},
		{
			"from": [1, 12, 7.5],
			"to": [3, 16, 10.5],
			"rotation": {"angle": 45, "axis": "y", "origin": [1, 9.5, 2]},
			"faces": {
				"north": {"uv": [10, 5.75, 9, 7.75], "texture": "#2"},
				"east": {"uv": [11.5, 5.75, 10, 7.75], "texture": "#2"},
				"south": {"uv": [10, 5.75, 9, 7.75], "texture": "#2"},
				"west": {"uv": [10, 5.75, 11.5, 7.75], "texture": "#2"},
				"up": {"uv": [7, 1, 8.5, 0], "rotation": 90, "texture": "#2"},
				"down": {"uv": [7, 1, 8.5, 0], "rotation": 270, "texture": "#2"}
			}
		},
		{
			"from": [13, 12, 7.5],
			"to": [15, 16, 10.5],
			"rotation": {"angle": -45, "axis": "y", "origin": [15, 9.5, 2]},
			"faces": {
				"north": {"uv": [9, 5.75, 10, 7.75], "texture": "#2"},
				"east": {"uv": [10, 5.75, 11.5, 7.75], "texture": "#2"},
				"south": {"uv": [9, 5.75, 10, 7.75], "texture": "#2"},
				"west": {"uv": [10, 5.75, 11.5, 7.75], "texture": "#2"},
				"up": {"uv": [7, 0, 8.5, 1], "rotation": 90, "texture": "#2"},
				"down": {"uv": [7, 0, 8.5, 1], "rotation": 270, "texture": "#2"}
			}
		},
		{
			"from": [8, 7, 9],
			"to": [14, 15, 9],
			"rotation": {"angle": -22.5, "axis": "y", "origin": [10.5, 11.5, 9]},
			"faces": {
				"north": {"uv": [7.75, 0.5, 4.75, 4.5], "texture": "#1"},
				"east": {"uv": [0, 0, 0, 4], "texture": "#1"},
				"south": {"uv": [4.75, 0.5, 7.75, 4.5], "texture": "#1"},
				"west": {"uv": [0, 0, 0, 4], "texture": "#1"},
				"up": {"uv": [3, 0, 0, 0], "texture": "#1"},
				"down": {"uv": [3, 0, 0, 0], "texture": "#1"}
			}
		},
		{
			"from": [2, 7, 9],
			"to": [8, 15, 9],
			"rotation": {"angle": 22.5, "axis": "y", "origin": [5.5, 11.5, 9]},
			"faces": {
				"north": {"uv": [4.75, 0.5, 7.75, 4.5], "texture": "#1"},
				"east": {"uv": [0, 0, 0, 4], "texture": "#1"},
				"south": {"uv": [7.75, 0.5, 4.75, 4.5], "texture": "#1"},
				"west": {"uv": [0, 0, 0, 4], "texture": "#1"},
				"up": {"uv": [0, 0, 3, 0], "texture": "#1"},
				"down": {"uv": [0, 0, 3, 0], "texture": "#1"}
			}
		},
		{
			"from": [1, 12, 5.5],
			"to": [3, 16, 8.5],
			"rotation": {"angle": -45, "axis": "y", "origin": [1, 9.5, 14]},
			"faces": {
				"north": {"uv": [9, 5.75, 10, 7.75], "texture": "#2"},
				"east": {"uv": [10, 5.75, 11.5, 7.75], "texture": "#2"},
				"south": {"uv": [9, 5.75, 10, 7.75], "texture": "#2"},
				"west": {"uv": [11.5, 5.75, 10, 7.75], "texture": "#2"},
				"up": {"uv": [8.5, 1, 7, 0], "rotation": 90, "texture": "#2"},
				"down": {"uv": [8.5, 1, 7, 0], "rotation": 270, "texture": "#2"}
			}
		},
		{
			"from": [13, 12, 5.5],
			"to": [15, 16, 8.5],
			"rotation": {"angle": 45, "axis": "y", "origin": [15, 9.5, 14]},
			"faces": {
				"north": {"uv": [10, 5.75, 9, 7.75], "texture": "#2"},
				"east": {"uv": [11.5, 5.75, 10, 7.75], "texture": "#2"},
				"south": {"uv": [10, 5.75, 9, 7.75], "texture": "#2"},
				"west": {"uv": [11.5, 5.75, 10, 7.75], "texture": "#2"},
				"up": {"uv": [8.5, 0, 7, 1], "rotation": 90, "texture": "#2"},
				"down": {"uv": [8.5, 0, 7, 1], "rotation": 270, "texture": "#2"}
			}
		},
		{
			"from": [15, 13, -7],
			"to": [15, 19, 5],
			"rotation": {"angle": 0, "axis": "y", "origin": [16, 0, 16]},
			"faces": {
				"north": {"uv": [0, 0, 0, 6], "texture": "#8"},
				"east": {"uv": [0, 0, 12, 6], "texture": "#8"},
				"south": {"uv": [0, 0, 0, 6], "texture": "#8"},
				"west": {"uv": [12, 0, 0, 6], "texture": "#8"},
				"up": {"uv": [0, 12, 0, 0], "texture": "#8"},
				"down": {"uv": [0, 12, 0, 0], "texture": "#8"}
			}
		},
		{
			"from": [1, 13, -7],
			"to": [1, 19, 5],
			"rotation": {"angle": 0, "axis": "y", "origin": [0, 0, 16]},
			"faces": {
				"north": {"uv": [0, 0, 0, 6], "texture": "#8"},
				"east": {"uv": [0, 0, 12, 6], "texture": "#8"},
				"south": {"uv": [0, 0, 0, 6], "texture": "#8"},
				"west": {"uv": [12, 0, 0, 6], "texture": "#8"},
				"up": {"uv": [0, 12, 0, 0], "texture": "#8"},
				"down": {"uv": [0, 12, 0, 0], "texture": "#8"}
			}
		},
		{
			"from": [1, 13, 11],
			"to": [1, 19, 23],
			"faces": {
				"north": {"uv": [0, 0, 0, 6], "texture": "#8"},
				"east": {"uv": [12, 0, 0, 6], "texture": "#8"},
				"south": {"uv": [0, 0, 0, 6], "texture": "#8"},
				"west": {"uv": [0, 0, 12, 6], "texture": "#8"},
				"up": {"uv": [0, 0, 0, 12], "texture": "#8"},
				"down": {"uv": [0, 0, 0, 12], "texture": "#8"}
			}
		},
		{
			"from": [15, 13, 11],
			"to": [15, 19, 23],
			"rotation": {"angle": 0, "axis": "y", "origin": [16, 0, 0]},
			"faces": {
				"north": {"uv": [0, 0, 0, 6], "texture": "#8"},
				"east": {"uv": [12, 0, 0, 6], "texture": "#8"},
				"south": {"uv": [0, 0, 0, 6], "texture": "#8"},
				"west": {"uv": [0, 0, 12, 6], "texture": "#8"},
				"up": {"uv": [0, 0, 0, 12], "texture": "#8"},
				"down": {"uv": [0, 0, 0, 12], "texture": "#8"}
			}
		}
	],
	"gui_light": "front",
	"display": {
		"thirdperson_righthand": {
			"rotation": [0, 90, 0],
			"translation": [0, 5.5, 1.5],
			"scale": [0.65, 0.65, 0.65]
		},
		"thirdperson_lefthand": {
			"rotation": [0, 90, 0],
			"translation": [0, 5.75, 1.5],
			"scale": [0.65, 0.65, 0.65]
		},
		"firstperson_righthand": {
			"rotation": [-175.56, 79, 170],
			"translation": [0.5, 4.75, 0.5],
			"scale": [0.45, 0.45, 0.45]
		},
		"firstperson_lefthand": {
			"rotation": [-175.56, 63, 170],
			"translation": [0.5, 4.75, 0.5],
			"scale": [0.45, 0.45, 0.45]
		},
		"ground": {
			"rotation": [45, 0, 0],
			"translation": [0, 5.75, 0],
			"scale": [0.39, 0.39, 0.39]
		},
		"gui": {
			"rotation": [0, 0, -45],
			"translation": [-0.25, -0.5, 0],
			"scale": [0.42, 0.42, 0.42]
		},
		"head": {
			"rotation": [-135.5, 0, 0],
			"translation": [0, 20.5, 4.75],
			"scale": [0, 0, 0]
		},
		"fixed": {
			"translation": [-0.5, 0, -7.75],
			"scale": [1.5, 1.5, 1.5]
		}
	},
	"groups": [
		0,
		1,
		2,
		3,
		{
			"name": "group",
			"origin": [7.99847, 17.77623, -3.30475],
			"color": 0,
			"children": [
				{
					"name": "group",
					"origin": [11, 20, 15],
					"color": 0,
					"children": [4, 5, 6, 7, 8, 9, 10, 11, 12, 13, 14, 15, 16, 17, 18, 19, 20, 21, 22, 23, 24]
				},
				25,
				26,
				27,
				28
			]
		},
		{
			"name": "group",
			"origin": [0, 0, 0],
			"color": 0,
			"children": [
				29,
				30,
				31,
				32,
				33,
				34,
				{
					"name": "group",
					"origin": [8, -9.1, 10.5],
					"color": 0,
					"children": [35, 36, 37, 38, 39, 40]
				},
				{
					"name": "group",
					"origin": [8, -9.1, 10.5],
					"color": 0,
					"children": [41, 42, 43, 44, 45, 46]
				}
			]
		},
		{
			"name": "group",
			"origin": [7.99847, 17.77623, -3.30475],
			"color": 0,
			"children": [
				{
					"name": "group",
					"origin": [11, 20, 15],
					"color": 0,
					"children": [47, 48, 49, 50, 51, 52, 53, 54, 55, 56, 57, 58, 59, 60, 61, 62, 63, 64, 65, 66, 67]
				}
			]
		},
		{
			"name": "group",
			"origin": [9.4, 20.9, 8],
			"color": 0,
			"children": [68, 69, 70, 71, 72, 73, 74, 75, 76, 77, 78, 79, 80]
		},
		81,
		82,
		{
			"name": "group",
			"origin": [15, 9.5, 1],
			"color": 0,
			"children": [83, 84, 85, 86]
		},
		{
			"name": "group",
			"origin": [15, 9.5, 1],
			"color": 0,
			"children": [87, 88, 89, 90]
		},
		91,
		92,
		93,
		94
	]
}